{
	"parent": "item/handheld",
	"textures": {
		"layer0": "items/wood_hoe"
	},
	"overrides": [
		{ "predicate": {"damaged": 0, "damage": 0}, "model": "item/wooden_hoe"},
		{ "predicate": {"damaged": 0, "damage": 0.016666666666666666}, "model": "item/rings/angel_common_ring"},
		{ "predicate": {"damaged": 0, "damage": 0.03333333333333333}, "model": "item/rings/angel_legendary_ring"},
		{ "predicate": {"damaged": 0, "damage": 0.05}, "model": "item/rings/angel_rare_ring"},
		{ "predicate": {"damaged": 0, "damage": 0.06666666666666667}, "model": "item/rings/daemon_common_ring"},
		{ "predicate": {"damaged": 0, "damage": 0.08333333333333333}, "model": "item/rings/daemon_legendary_ring"},
		{ "predicate": {"damaged": 0, "damage": 0.1}, "model": "item/rings/daemon_rare_ring"},
		{ "predicate": {"damaged": 0, "damage": 0.11666666666666667}, "model": "item/rings/draco_common_ring"},
		{ "predicate": {"damaged": 0, "damage": 0.13333333333333333}, "model": "item/rings/draco_legendary_ring"},
		{ "predicate": {"damaged": 0, "damage": 0.15}, "model": "item/rings/draco_rare_ring"},
		{ "predicate": {"damaged": 0, "damage": 0.16666666666666666}, "model": "item/rings/dwarf_common_ring"},
		{ "predicate": {"damaged": 0, "damage": 0.18333333333333332}, "model": "item/rings/dwarf_legendary_ring"},
		{ "predicate": {"damaged": 0, "damage": 0.2}, "model": "item/rings/dwarf_rare_ring"},
		{ "predicate": {"damaged": 0, "damage": 0.21666666666666667}, "model": "item/rings/elf_common_ring"},
		{ "predicate": {"damaged": 0, "damage": 0.23333333333333334}, "model": "item/rings/elf_legendary_ring"},
		{ "predicate": {"damaged": 0, "damage": 0.25}, "model": "item/rings/elf_rare_ring"},
		{ "predicate": {"damaged": 0, "damage": 0.26666666666666666}, "model": "item/rings/fairy_common_ring"},
		{ "predicate": {"damaged": 0, "damage": 0.2833333333333333}, "model": "item/rings/fairy_legendary_ring"},
		{ "predicate": {"damaged": 0, "damage": 0.3}, "model": "item/rings/fairy_rare_ring"},
		{ "predicate": {"damaged": 0, "damage": 0.31666666666666665}, "model": "item/rings/orc_common_ring"},
		{ "predicate": {"damaged": 0, "damage": 0.3333333333333333}, "model": "item/rings/orc_legendary_ring"},
		{ "predicate": {"damaged": 0, "damage": 0.35}, "model": "item/rings/orc_rare_ring"},
		{ "predicate": {"damaged": 0, "damage": 0.36666666666666664}, "model": "item/rings/vampire_common_ring"},
		{ "predicate": {"damaged": 0, "damage": 0.3833333333333333}, "model": "item/rings/vampire_legendary_ring"},
		{ "predicate": {"damaged": 0, "damage": 0.4}, "model": "item/rings/vampire_rare_ring"},
		{ "predicate": {"damaged": 0, "damage": 0.4166666666666667}, "model": "item/rings/werewolf_common_ring"},
		{ "predicate": {"damaged": 0, "damage": 0.43333333333333335}, "model": "item/rings/werewolf_legendary_ring"},
		{ "predicate": {"damaged": 0, "damage": 0.45}, "model": "item/rings/werewolf_rare_ring"},
		{ "predicate": {"damaged": 0, "damage": 0.4666666666666667}, "model": "item/rings/zorlim_common_ring"},
		{ "predicate": {"damaged": 0, "damage": 0.48333333333333334}, "model": "item/rings/zorlim_legendary_ring"},
		{ "predicate": {"damaged": 0, "damage": 0.5}, "model": "item/rings/zorlim_rare_ring"},
		{ "predicate": {"damaged": 0, "damage": 0.5166666666666666}, "model": "item/others/lembas_bread"},
		{ "predicate": {"damaged": 0, "damage": 0.5333333333333333}, "model": "item/others/elf_leaf"},
		{ "predicate": {"damaged": 1, "damage": 0}, "model": "item/wooden_hoe"}
	]
}